,skills_list,count,rate,skills_list_catogrised
0,.NET Framework,6,0.009441087613293053,0
1,.NET Framework 4,5,0.007552870090634441,1
2,5G Technology,2,0.0018882175226586102,2
3,AAA Server (Authentication Authorization And Accounting),1,0.0,3
4,ADO.NET (Programming Language),5,0.007552870090634441,4
5,ARM Architecture,13,0.022658610271903325,5
6,ASP.NET,48,0.0887462235649547,6
7,ASP.NET Core,14,0.024546827794561934,7
8,ASP.NET Core MVC,2,0.0018882175226586102,8
9,ASP.NET Extensions For AJAX,6,0.009441087613293053,9
10,ASP.NET Web API,1,0.0,10
11,AWS Identity And Access Management (IAM),17,0.030211480362537763,11
12,Abstractions,8,0.013217522658610273,12
13,Acceptable Use Policy,4,0.005664652567975831,13
14,Access Control List,3,0.0037764350453172203,14
15,Access Control Matrix,3,0.0037764350453172203,15
16,Access Network,8,0.013217522658610273,16
17,Active Directory,48,0.0887462235649547,17
18,Active Record Pattern,20,0.035876132930513595,18
19,Active Server Pages (ASP),16,0.028323262839879154,19
20,Ad Hoc Testing,48,0.0887462235649547,20
21,Addressing Schemes,1,0.0,21
22,Admin Tools,1,0.0,22
23,Adobe Dreamweaver,2,0.0018882175226586102,23
24,Adobe Experience Manager,62,0.11518126888217523,24
25,Advanced Business Application Programming (ABAP),5,0.007552870090634441,25
26,Advanced RISC Computing,3,0.0037764350453172203,26
27,Advantage Database Servers,3,0.0037764350453172203,27
28,Aggregator,4,0.005664652567975831,28
29,Agile Methodology,16,0.028323262839879154,29
30,Agile Project Management,2,0.0018882175226586102,30
31,Agile Projects,7,0.011329305135951663,31
32,Agile Software Development,10,0.016993957703927493,32
33,Agilent VEE (Domain-Specific Programming Language),2,0.0018882175226586102,33
34,Agility,209,0.39274924471299094,34
35,Alfresco ECM,7,0.011329305135951663,35
36,Algorithms,35,0.06419939577039276,36
37,Alibaba Cloud,10,0.016993957703927493,37
38,Amazon Cloud Drive,2,0.0018882175226586102,38
39,Amazon Data Pipeline,7,0.011329305135951663,39
40,Amazon DynamoDB,3,0.0037764350453172203,40
41,Amazon Web Services,3,0.0037764350453172203,41
42,Android (Operating System),75,0.13972809667673716,42
43,Android Applications,16,0.028323262839879154,43
44,Android Development,13,0.022658610271903325,44
45,Android SDK,3,0.0037764350453172203,45
46,Android Software Development,1,0.0,46
47,Angular (Web Framework),8,0.013217522658610273,47
48,Angular Material,1,0.0,48
49,Ansible,6,0.009441087613293053,49
50,Antivirus Software,13,0.022658610271903325,50
51,Apache Ant,3,0.0037764350453172203,51
52,Apache Cassandra,1,0.0,52
53,Apache Flume,3,0.0037764350453172203,53
54,Apache Maven,1,0.0,54
55,Apex Code,10,0.016993957703927493,55
56,App Store (IOS),4,0.005664652567975831,56
57,Apple IPad,18,0.03209969788519638,57
58,Apple Network Servers,31,0.05664652567975831,58
59,Apple Software Update,22,0.03965256797583082,59
60,Apple Xcode,3,0.0037764350453172203,60
61,Application Client,18,0.03209969788519638,61
62,Application Data,17,0.030211480362537763,62
63,Application Delivery Controller,18,0.03209969788519638,63
64,Application Delivery Network,21,0.03776435045317221,64
65,Application Development,65,0.12084592145015105,65
66,Application Development Languages,30,0.0547583081570997,66
67,Application Environments,20,0.035876132930513595,67
68,Application Layers,1,0.0,68
69,Application Lifecycle Management,4,0.005664652567975831,69
70,Application Performance Management,15,0.026435045317220546,70
71,Application Portfolio Management,6,0.009441087613293053,71
72,Application Programming Interface (API),71,0.1321752265861027,72
73,Application Release Automation,12,0.020770392749244714,73
74,Application Security,22,0.03965256797583082,74
75,Application Servers,7,0.011329305135951663,75
76,Application Settings,3,0.0037764350453172203,76
77,Application-Specific Information,11,0.018882175226586105,77
78,Applications Architecture,2,0.0018882175226586102,78
79,ArcGIS (GIS Software),2,0.0018882175226586102,79
80,Architectural Development,9,0.015105740181268881,80
81,Architectural Patterns,2,0.0018882175226586102,81
82,Architecture Framework,6,0.009441087613293053,82
83,Archive File,4,0.005664652567975831,83
84,Artificial Intelligence,42,0.07741691842900301,84
85,Artificial Neural Networks,4,0.005664652567975831,85
86,Aruba (Network Management Software),15,0.026435045317220546,86
87,Aspect-Oriented Programming,14,0.024546827794561934,87
88,Assembly Language,1,0.0,88
89,Assessment And Authorization,2,0.0018882175226586102,89
90,Atomicity Consistency Isolation Durability (ACID),4,0.005664652567975831,90
91,Attack Surface Management,4,0.005664652567975831,91
92,Attribute Change Package,1,0.0,92
93,Audit Info System (AIS),10,0.016993957703927493,93
94,Augmented Reality,16,0.028323262839879154,94
95,Authentications,92,0.17182779456193353,95
96,Authoring Systems,2,0.0018882175226586102,96
97,Authorization (Computing),73,0.13595166163141995,97
98,Automated Code Review,3,0.0037764350453172203,98
99,Automated Testing Framework,1,0.0,99
100,Automatically Programmed Tool,10,0.016993957703927493,100
101,Automation,341,0.6419939577039275,101
102,Automation Controls,17,0.030211480362537763,102
103,Availability Monitoring,1,0.0,103
104,Avaya (Telecommunications),2,0.0018882175226586102,104
105,Azure Cloud Services,7,0.011329305135951663,105
106,Azure Data Factory,2,0.0018882175226586102,106
107,Azure Kubernetes Service,2,0.0018882175226586102,107
108,Azure Service Fabric,15,0.026435045317220546,108
109,Azure Web Apps,2,0.0018882175226586102,109
110,Back End (Software Engineering),23,0.04154078549848943,110
111,Background Application,9,0.015105740181268881,111
112,Backlogs,29,0.05287009063444109,112
113,Backup And Restore,10,0.016993957703927493,113
114,Backup Devices,2,0.0018882175226586102,114
115,Backup Replication,3,0.0037764350453172203,115
116,Backup Tools (Backup Software),2,0.0018882175226586102,116
117,Base Stations,1,0.0,117
118,Bash (Scripting Language),4,0.005664652567975831,118
119,Basic Internet Skills,16,0.028323262839879154,119
120,Basis Database,1,0.0,120
121,Batch Processing,2,0.0018882175226586102,121
122,Batch Scripting,2,0.0018882175226586102,122
123,Behavior-Driven Development,11,0.018882175226586105,123
124,Bing Search,1,0.0,124
125,Blackberry,2,0.0018882175226586102,125
126,Blade Servers,1,0.0,126
127,Blockchain,17,0.030211480362537763,127
128,BluePrism (RPA Software),1,0.0,128
129,Bluecoat Proxies,1,0.0,129
130,Boost (C++ Libraries),51,0.0944108761329305,130
131,Boosting,29,0.05287009063444109,131
132,Bootstrap (Front-End Framework),12,0.020770392749244714,132
133,Brocade Network Technologies,1,0.0,133
134,Brocade Switches,2,0.0018882175226586102,134
135,Browser Compatibility,3,0.0037764350453172203,135
136,Bugzilla,1,0.0,136
137,Build Automation,7,0.011329305135951663,137
138,Build Events,3,0.0037764350453172203,138
139,Build Process,8,0.013217522658610273,139
140,Business Computer Systems,1,0.0,140
141,Business Information System,15,0.026435045317220546,141
142,Business Telephone Systems,3,0.0037764350453172203,142
143,C (Programming Language),298,0.5608006042296072,143
144,C-Based Programming Languages,33,0.060422960725075525,144
145,CLIST,4,0.005664652567975831,145
146,CPanel,2,0.0018882175226586102,146
147,Caffe,3,0.0037764350453172203,147
148,Capacity Management,4,0.005664652567975831,148
149,CentOS,3,0.0037764350453172203,149
150,Channel State Information,24,0.043429003021148035,150
151,Chef (Configuration Management Tool),30,0.0547583081570997,151
152,Cisco NAC Appliance,20,0.035876132930513595,152
153,Cisco Networking,132,0.24735649546827793,153
154,Cisco Nexus Switches,12,0.020770392749244714,154
155,Cisco Routers,18,0.03209969788519638,155
156,Cisco Unified Communications Manager,1,0.0,156
157,Classification And Regression Tree (CART),1,0.0,157
158,Client Server Models,28,0.050981873111782476,158
159,Closed Loop,1,0.0,159
160,Cloud Application Development,16,0.028323262839879154,160
161,Cloud Computing,31,0.05664652567975831,161
162,Cloud Computing Architecture,15,0.026435045317220546,162
163,Cloud Computing Security,49,0.0906344410876133,163
164,Cloud Engineering,8,0.013217522658610273,164
165,Cloud Infrastructure,3,0.0037764350453172203,165
166,Cloud Management,5,0.007552870090634441,166
167,Cloud Management Platforms,8,0.013217522658610273,167
168,Cloud Migration,1,0.0,168
169,Cloud Operations,5,0.007552870090634441,169
170,Cloud Platform System,5,0.007552870090634441,170
171,Cloud Services,10,0.016993957703927493,171
172,Cloud Storage,26,0.04720543806646525,172
173,Cloud Technologies,16,0.028323262839879154,173
174,Cloud-Native Architecture,18,0.03209969788519638,174
175,Cloud-Native Infrastructure,60,0.111404833836858,175
176,Cocoa Touch,1,0.0,176
177,Code Comments,1,0.0,177
178,Code Composer Studio,3,0.0037764350453172203,178
179,Code Generation,3,0.0037764350453172203,179
180,Code Refactoring,3,0.0037764350453172203,180
181,Code Review,9,0.015105740181268881,181
182,Code Testing,24,0.043429003021148035,182
183,CodeIgniter,1,0.0,183
184,Codebase,2,0.0018882175226586102,184
185,Collaborative Filtering,4,0.005664652567975831,185
186,Collaborative Software,23,0.04154078549848943,186
187,Command Controls,4,0.005664652567975831,187
188,Common Technical Document,13,0.022658610271903325,188
189,Communications Protocols,15,0.026435045317220546,189
190,Communications Security,43,0.07930513595166164,190
191,Communications Server,1,0.0,191
192,Communications Systems,21,0.03776435045317221,192
193,Compilers,96,0.17938066465256797,193
194,Complex Networks,12,0.020770392749244714,194
195,Component Object Model (COM),484,0.9120090634441087,195
196,Computer Data Storage,4,0.005664652567975831,196
197,Computer Hardware,92,0.17182779456193353,197
198,Computer Literacy,28,0.050981873111782476,198
199,Computer Maintenance,88,0.16427492447129907,199
200,Computer Network Defense,1,0.0,200
201,Computer Network Operations,96,0.17938066465256797,201
202,Computer Networks,89,0.1661631419939577,202
203,Computer Performance,4,0.005664652567975831,203
204,Computer Programming,70,0.13028700906344412,204
205,Computer Repair,12,0.020770392749244714,205
206,Computer Science,327,0.6155589123867069,206
207,Computer Security,8,0.013217522658610273,207
208,Computer Security Awareness Training,8,0.013217522658610273,208
209,Computer Systems,124,0.23225075528700906,209
210,Computer Virus,5,0.007552870090634441,210
211,Computer-Aided Software Engineering,1,0.0,211
212,Computing Platforms,2,0.0018882175226586102,212
213,Conceptual Model,2,0.0018882175226586102,213
214,Conference Room Technology,7,0.011329305135951663,214
215,Configuration Design,25,0.04531722054380665,215
216,Configuration Management,27,0.04909365558912387,216
217,Configuration Management Databases,50,0.0925226586102719,217
218,Configurators,1,0.0,218
219,Connect-Direct (Internet Protocols Based Network Software),4,0.005664652567975831,219
220,Connected Devices,4,0.005664652567975831,220
221,Containerization,7,0.011329305135951663,221
222,Content Delivery Networks,11,0.018882175226586105,222
223,Content Filtering,7,0.011329305135951663,223
224,Content Management Systems,15,0.026435045317220546,224
225,Content Pages,1,0.0,225
226,Content Security Policy,9,0.015105740181268881,226
227,Continuous Delivery,8,0.013217522658610273,227
228,Continuous Integration,5,0.007552870090634441,228
229,Control Objectives For Information And Related Technology (COBIT),9,0.015105740181268881,229
230,Controlled Image Base,4,0.005664652567975831,230
231,Core Location Manager (Apple IOS),9,0.015105740181268881,231
232,Core Text,1,0.0,232
233,Corporate Data Management,19,0.033987915407854986,233
234,Credential Manager,1,0.0,234
235,Cross-Domain Solutions,21,0.03776435045317221,235
236,Cryptography,7,0.011329305135951663,236
237,Custom Backend,23,0.04154078549848943,237
238,Custom Function,4,0.005664652567975831,238
239,Custom Object,3,0.0037764350453172203,239
240,Custom Software,3,0.0037764350453172203,240
241,Custom Web Parts,1,0.0,241
242,Customer Data Integration,26,0.04720543806646525,242
243,Customer Information Control System (CICS),4,0.005664652567975831,243
244,Customer Requirements Analysis,137,0.256797583081571,244
245,Cyber Defense,1,0.0,245
246,Cyber Incident Response,7,0.011329305135951663,246
247,Cyber Operations,3,0.0037764350453172203,247
248,Cyber Security,130,0.2435800604229607,248
249,Cyber Security Assessment,30,0.0547583081570997,249
250,Cyber Security Management,13,0.022658610271903325,250
251,Cyber Security Policies,2,0.0018882175226586102,251
252,Cyber Security Standards,49,0.0906344410876133,252
253,Cyber Security Strategy,1,0.0,253
254,Cyber Threat Hunting,29,0.05287009063444109,254
255,Dart (Programming Language),1,0.0,255
256,Data Acquisition,6,0.009441087613293053,256
257,Data Administration,3,0.0037764350453172203,257
258,Data Architecture,31,0.05664652567975831,258
259,Data Archives,9,0.015105740181268881,259
260,Data Centers,59,0.1095166163141994,260
261,Data Classification,9,0.015105740181268881,261
262,Data Collection,56,0.10385196374622357,262
263,Data Compilation,9,0.015105740181268881,263
264,Data Consistency,3,0.0037764350453172203,264
265,Data Control,6,0.009441087613293053,265
266,Data Control Language,11,0.018882175226586105,266
267,Data Conversion,2,0.0018882175226586102,267
268,Data Direct Networks,10,0.016993957703927493,268
269,Data Distribution Services,39,0.07175226586102719,269
270,Data Domain,2,0.0018882175226586102,270
271,Data Exchange,14,0.024546827794561934,271
272,Data Extraction,4,0.005664652567975831,272
273,Data Files,7,0.011329305135951663,273
274,Data Flow Diagram,10,0.016993957703927493,274
275,Data Governance,177,0.3323262839879154,275
276,Data Integration,10,0.016993957703927493,276
277,Data Integrity,52,0.09629909365558911,277
278,Data Layers,2,0.0018882175226586102,278
279,Data Link,1,0.0,279
280,Data Maintenance,24,0.043429003021148035,280
281,Data Management,95,0.1774924471299094,281
282,Data Management Plan,25,0.04531722054380665,282
283,Data Management Platforms,7,0.011329305135951663,283
284,Data Mapping,20,0.035876132930513595,284
285,Data Migration,9,0.015105740181268881,285
286,Data Privacy Laws,12,0.020770392749244714,286
287,Data Processing,36,0.06608761329305135,287
288,Data Processing Systems,15,0.026435045317220546,288
289,Data Quality,61,0.11329305135951662,289
290,Data Recording,5,0.007552870090634441,290
291,Data Recovery,18,0.03209969788519638,291
292,Data Retention,9,0.015105740181268881,292
293,Data Retrieval,13,0.022658610271903325,293
294,Data Security,18,0.03209969788519638,294
295,Data Steward,6,0.009441087613293053,295
296,Data Storage Technologies,16,0.028323262839879154,296
297,Data Structures,13,0.022658610271903325,297
298,Data System,11,0.018882175226586105,298
299,Data Transfer Object,3,0.0037764350453172203,299
300,Data Transformation,8,0.013217522658610273,300
301,Data Transmissions,2,0.0018882175226586102,301
302,Data-Centric Testing,1,0.0,302
303,Database Administration,10,0.016993957703927493,303
304,Database Application,12,0.020770392749244714,304
305,Database Deployment Management,2,0.0018882175226586102,305
306,Database Design,11,0.018882175226586105,306
307,Database Development,27,0.04909365558912387,307
308,Database Encryption,3,0.0037764350453172203,308
309,Database Management Systems,26,0.04720543806646525,309
310,Database Performance Analyzer,7,0.011329305135951663,310
311,Database Security,3,0.0037764350453172203,311
312,Database Servers,6,0.009441087613293053,312
313,Database Systems,16,0.028323262839879154,313
314,Database Transactions,15,0.026435045317220546,314
315,Database Tuning,2,0.0018882175226586102,315
316,Datadog,4,0.005664652567975831,316
317,Dataset,32,0.05853474320241692,317
318,Debian Linux,1,0.0,318
319,Debugging,70,0.13028700906344412,319
320,Decoding,1,0.0,320
321,Deep Learning,17,0.030211480362537763,321
322,Delphi (Programming Language),1,0.0,322
323,Demilitarized Zones (DMZ),6,0.009441087613293053,323
324,Deployment Support,10,0.016993957703927493,324
325,Desired State Configuration,1,0.0,325
326,Desktop Computing,15,0.026435045317220546,326
327,Desktop Support,11,0.018882175226586105,327
328,DevExpress,1,0.0,328
329,DevOps,33,0.060422960725075525,329
330,DevSecOps,5,0.007552870090634441,330
331,Development Environment,17,0.030211480362537763,331
332,Development Support,248,0.4663897280966767,332
333,Development Testing,66,0.12273413897280967,333
334,Device Drivers,3,0.0037764350453172203,334
335,Device Fingerprint,23,0.04154078549848943,335
336,Device Firmware Upgrades,7,0.011329305135951663,336
337,Device Management,7,0.011329305135951663,337
338,Device Tracking Software,12,0.020770392749244714,338
339,Digital Literacy,3,0.0037764350453172203,339
340,Digital Rights Management,7,0.011329305135951663,340
341,Digital Security,8,0.013217522658610273,341
342,Digital Signals,4,0.005664652567975831,342
343,Digital Technology,169,0.31722054380664655,343
344,Digital Transformation,209,0.39274924471299094,344
345,Digitization,661,1.246223564954683,345
346,Directory Structure,3,0.0037764350453172203,346
347,Disassembler,8,0.013217522658610273,347
348,Disciplined Agile Delivery,6,0.009441087613293053,348
349,Disk Storage,3,0.0037764350453172203,349
350,Distributed Design Patterns,17,0.030211480362537763,350
351,Distributed File Systems,16,0.028323262839879154,351
352,Distributed Revision Control,4,0.005664652567975831,352
353,Django (Web Framework),2,0.0018882175226586102,353
354,Docker (Software),8,0.013217522658610273,354
355,Docker Container,4,0.005664652567975831,355
356,Document Object Model,1,0.0,356
357,Document-Oriented Databases,2,0.0018882175226586102,357
358,Document.write,2,0.0018882175226586102,358
359,Documentation Based Coding,2,0.0018882175226586102,359
360,Domain Controllers,2,0.0018882175226586102,360
361,Domain Driven Design,12,0.020770392749244714,361
362,Domain Name System (DNS) Servers,27,0.04909365558912387,362
363,Domain-Specific Language,4,0.005664652567975831,363
364,Drupal,5,0.007552870090634441,364
365,Dynamic Host Configuration Protocol (DHCP),12,0.020770392749244714,365
366,Dynamic Program Analysis,3,0.0037764350453172203,366
367,Dynamic Web Pages,1,0.0,367
368,Edge Development Options,2,0.0018882175226586102,368
369,Elastic Load Balancer,8,0.013217522658610273,369
370,Elasticsearch,1,0.0,370
371,Electronic Data Interchange,11,0.018882175226586105,371
372,Electronic Data Processing,33,0.060422960725075525,372
373,Electronic Reporting Systems,7,0.011329305135951663,373
374,Electronically Stored Information,2,0.0018882175226586102,374
375,Eltron Programming Language,9,0.015105740181268881,375
376,Emerging Technologies,69,0.1283987915407855,376
377,Encryption,39,0.07175226586102719,377
378,End Systems,8,0.013217522658610273,378
379,Endpoint Devices,4,0.005664652567975831,379
380,Endpoint Management,2,0.0018882175226586102,380
381,Endpoint Security,17,0.030211480362537763,381
382,Enterprise Application Integration,16,0.028323262839879154,382
383,Enterprise Application Software,122,0.22847432024169184,383
384,Enterprise Architecture,24,0.043429003021148035,384
385,Enterprise Content Management,4,0.005664652567975831,385
386,Enterprise Information Management,14,0.024546827794561934,386
387,Enterprise Network Security,5,0.007552870090634441,387
388,Enterprise Risk Management (ERM),7,0.011329305135951663,388
389,Enterprise Security,7,0.011329305135951663,389
390,Enterprise Service Bus,3,0.0037764350453172203,390
391,Enterprise Storage System,3,0.0037764350453172203,391
392,Entity Framework,10,0.016993957703927493,392
393,Environment Management,20,0.035876132930513595,393
394,EtherChannel,1,0.0,394
395,Ethernet,4,0.005664652567975831,395
396,Ethical Hacking,4,0.005664652567975831,396
397,Event Logging,6,0.009441087613293053,397
398,Event Monitoring,3,0.0037764350453172203,398
399,Event Viewer,1,0.0,399
400,Event-Driven Programming,11,0.018882175226586105,400
401,Evolution-Data Optimized,21,0.03776435045317221,401
402,Executable,838,1.5804380664652569,402
403,Execution Time,14,0.024546827794561934,403
404,Exploratory Testing,6,0.009441087613293053,404
405,Extensible HyperText Markup Language (XHTML),6,0.009441087613293053,405
406,Extensible Markup Language (XML),33,0.060422960725075525,406
407,Extensible Stylesheet Language Transformations (XSLT),3,0.0037764350453172203,407
408,External Storage,3,0.0037764350453172203,408
409,Extract Transform Load (ETL),21,0.03776435045317221,409
410,Extranet,4,0.005664652567975831,410
411,Failover,1,0.0,411
412,Failover Clustering,2,0.0018882175226586102,412
413,Fault Management,4,0.005664652567975831,413
414,Feature Engineering,4,0.005664652567975831,414
415,Fiber-Optic Communications,1,0.0,415
416,File Format,3,0.0037764350453172203,416
417,File Generation,9,0.015105740181268881,417
418,File Service Protocol,15,0.026435045317220546,418
419,File Systems,2,0.0018882175226586102,419
420,File Transfer Protocol (FTP),7,0.011329305135951663,420
421,Firewall,112,0.20959214501510573,421
422,Firmware,3,0.0037764350453172203,422
423,Flat File Database,8,0.013217522658610273,423
424,Formula Language,1,0.0,424
425,Front End (Software Engineering),33,0.060422960725075525,425
426,Front End Design,11,0.018882175226586105,426
427,Function Module,1,0.0,427
428,Functional Design,27,0.04909365558912387,428
429,Functional Programming,6,0.009441087613293053,429
430,Functional Requirement,48,0.0887462235649547,430
431,Functional Specification,14,0.024546827794561934,431
432,Functional Testing,29,0.05287009063444109,432
433,Fuzzy Logic,4,0.005664652567975831,433
434,GIS Applications,2,0.0018882175226586102,434
435,Game Programming,1,0.0,435
436,General Packet Radio Service (GPRS),1,0.0,436
437,Genesys,2,0.0018882175226586102,437
438,Geographic Information Systems,8,0.013217522658610273,438
439,Git Flow,10,0.016993957703927493,439
440,Github,1,0.0,440
441,Gitlab,3,0.0037764350453172203,441
442,Global Information Systems,10,0.016993957703927493,442
443,Go Server,3,0.0037764350453172203,443
444,Google APIs,1,0.0,444
445,Google Cloud,12,0.020770392749244714,445
446,Google Cloud Platform (GCP),17,0.030211480362537763,446
447,Google Maps,3,0.0037764350453172203,447
448,Gradle,1,0.0,448
449,Groovy (Programming Language),1,0.0,449
450,Group Policy,8,0.013217522658610273,450
451,HP Printers,3,0.0037764350453172203,451
452,HP Servers,1,0.0,452
453,Hard Disk Drives,4,0.005664652567975831,453
454,Hardware Platform Interface,2,0.0018882175226586102,454
455,Hardware Security Module,1,0.0,455
456,Help Desk Support,33,0.060422960725075525,456
457,Help Files,2,0.0018882175226586102,457
458,Help System,3,0.0037764350453172203,458
459,Hibernate (Java),3,0.0037764350453172203,459
460,Hierarchical Data Format,1,0.0,460
461,Hierarchical Storage Management,4,0.005664652567975831,461
462,High Availability Clusters,24,0.043429003021148035,462
463,High Performance Computing,31,0.05664652567975831,463
464,High-Level Architecture,406,0.7647280966767371,464
465,Host Based Security System (HBSS),2,0.0018882175226586102,465
466,Hotfix,1,0.0,466
467,Hybrid Cloud Computing,16,0.028323262839879154,467
468,Hyper SQL Database (HSQLDB),21,0.03776435045317221,468
469,HyperText Markup Language (HTML),82,0.15294561933534742,469
470,IBM Forms Server,1,0.0,470
471,IBM Parallel Sysplex,4,0.005664652567975831,471
472,IBM QRadar (SIEM Software),13,0.022658610271903325,472
473,IBM SAN Volume Controllers,3,0.0037764350453172203,473
474,IBM System P,3,0.0037764350453172203,474
475,IBM System Z,28,0.050981873111782476,475
476,IBM WebSphere MQ,4,0.005664652567975831,476
477,IBM Z/VM,8,0.013217522658610273,477
478,IIS Manager,18,0.03209969788519638,478
479,IOS Applications,4,0.005664652567975831,479
480,IOS Development,9,0.015105740181268881,480
481,IOS SDK,1,0.0,481
482,IP Address Management,2,0.0018882175226586102,482
483,IP Addressing,48,0.0887462235649547,483
484,IP Routing,7,0.011329305135951663,484
485,IPSec Tunnels,5,0.007552870090634441,485
486,IT General Controls (ITGC),26,0.04720543806646525,486
487,IT Security Architecture,26,0.04720543806646525,487
488,IText (Free PDF Software),2,0.0018882175226586102,488
489,In-Memory Database,2,0.0018882175226586102,489
490,Incident Management,26,0.04720543806646525,490
491,Incident Response,37,0.06797583081570997,491
492,Indexer,50,0.0925226586102719,492
493,Indexing,7,0.011329305135951663,493
494,Informatics,4,0.005664652567975831,494
495,Information Access,6,0.009441087613293053,495
496,Information Assurance,5,0.007552870090634441,496
497,Information Assurance Vulnerability Management (IAVM),16,0.028323262839879154,497
498,Information Governance,2,0.0018882175226586102,498
499,Information Infrastructure,18,0.03209969788519638,499
500,Information Management,82,0.15294561933534742,500
501,Information Model,4,0.005664652567975831,501
502,Information Ordering,16,0.028323262839879154,502
503,Information Organization,14,0.024546827794561934,503
504,Information Processing,23,0.04154078549848943,504
505,Information Retrieval,3,0.0037764350453172203,505
506,Information Sciences,7,0.011329305135951663,506
507,Information Security Management,22,0.03965256797583082,507
508,Information Security Management Systems,5,0.007552870090634441,508
509,Information Systems,200,0.37575528700906347,509
510,Information Systems Security,89,0.1661631419939577,510
511,Information Technology,682,1.2858761329305135,511
512,Information Technology Architecture,14,0.024546827794561934,512
513,Information Technology Audits,4,0.005664652567975831,513
514,Information Technology Controls,1,0.0,514
515,Information Technology Management,20,0.035876132930513595,515
516,Information Technology Operations,93,0.17371601208459214,516
517,Infrastructure Architecture,2,0.0018882175226586102,517
518,Infrastructure As A Service (IaaS),2,0.0018882175226586102,518
519,Infrastructure Management,25,0.04531722054380665,519
520,Infrastructure Management Services,69,0.1283987915407855,520
521,Infrastructure Security,27,0.04909365558912387,521
522,Infrastructure as Code (IaC),4,0.005664652567975831,522
523,Input/Output,4,0.005664652567975831,523
524,Integrated Access Devices,26,0.04720543806646525,524
525,Integrated Architecture Framework,3,0.0037764350453172203,525
526,Integrated Service Routers,1,0.0,526
527,Integrated Services,39,0.07175226586102719,527
528,Integration Platforms,9,0.015105740181268881,528
529,Integration Testing,7,0.011329305135951663,529
530,Inter-Process Communication,14,0.024546827794561934,530
531,Interactive Web Content,4,0.005664652567975831,531
532,Intercom,9,0.015105740181268881,532
533,Interface Control Document,14,0.024546827794561934,533
534,Internet Information Services,2,0.0018882175226586102,534
535,Internet Of Things (IoT),11,0.018882175226586105,535
536,Internet Protocol Security (IP SEC),30,0.0547583081570997,536
537,Internet Protocols,44,0.08119335347432025,537
538,Internet Services,4,0.005664652567975831,538
539,Internet Small Computer System Interface (ISCSI),6,0.009441087613293053,539
540,Interoperability,12,0.020770392749244714,540
541,Intranet,11,0.018882175226586105,541
542,Intrusion Detection Systems,38,0.06986404833836858,542
543,Issue Tracking Systems,11,0.018882175226586105,543
544,JIRA Studio,6,0.009441087613293053,544
545,JQuery,17,0.030211480362537763,545
546,JSON,10,0.016993957703927493,546
547,JSON Web Signature (JWS),3,0.0037764350453172203,547
548,Java (Programming Language),73,0.13595166163141995,548
549,Java Application Server,1,0.0,549
550,Java Development Tools,1,0.0,550
551,Java EE Application,2,0.0018882175226586102,551
552,Java Scripting Languages,3,0.0037764350453172203,552
553,Java Servlet,4,0.005664652567975831,553
554,Java Specification Requests (JSRs),4,0.005664652567975831,554
555,JavaScript (Programming Language),57,0.10574018126888218,555
556,JavaScript Frameworks,2,0.0018882175226586102,556
557,Jenkins,2,0.0018882175226586102,557
558,Job Control Language (JCL),18,0.03209969788519638,558
559,Joint Application Design (JAD),67,0.12462235649546828,559
560,Joomla (Content Management System),2,0.0018882175226586102,560
561,Juniper Network Technologies,15,0.026435045317220546,561
562,Kaspersky Anti-Virus,13,0.022658610271903325,562
563,Key Derivation Function,5,0.007552870090634441,563
564,Key Management,32,0.05853474320241692,564
565,Knowledge Management,45,0.08308157099697885,565
566,Knowledge Management Software,11,0.018882175226586105,566
567,Knowledge-Based Configuration,12,0.020770392749244714,567
568,Knowledge-Based Systems,50,0.0925226586102719,568
569,Kotlin,3,0.0037764350453172203,569
570,Kubernetes,20,0.035876132930513595,570
571,LAMP (Software Bundle),4,0.005664652567975831,571
572,LAN Switching,14,0.024546827794561934,572
573,Label Switching Router (MPLS Networking),20,0.035876132930513595,573
574,Landing Page Optimization,5,0.007552870090634441,574
575,Laravel,13,0.022658610271903325,575
576,Lean Functional Testing,9,0.015105740181268881,576
577,Leased Lines,4,0.005664652567975831,577
578,Legacy System Migration Workbench,9,0.015105740181268881,578
579,Lex (Software),3,0.0037764350453172203,579
580,Lightning Web Components,1,0.0,580
581,Linux,55,0.10196374622356495,581
582,Linux Administration,2,0.0018882175226586102,582
583,Linux Servers,5,0.007552870090634441,583
584,Load Balancing,6,0.009441087613293053,584
585,Local Area Networks,19,0.033987915407854986,585
586,Location-Based Services,24,0.043429003021148035,586
587,Log Shipping,2,0.0018882175226586102,587
588,Logic Systems,4,0.005664652567975831,588
589,Logical Data Models,6,0.009441087613293053,589
590,Logical Security,8,0.013217522658610273,590
591,Long Short-Term Memory (LSTM),57,0.10574018126888218,591
592,M (Programming Language),327,0.6155589123867069,592
593,MITRE ATT&CK Framework,10,0.016993957703927493,593
594,MSC Software,12,0.020770392749244714,594
595,Machine Learning,41,0.07552870090634442,595
596,Machine Learning Algorithms,5,0.007552870090634441,596
597,Machine Learning Methods,23,0.04154078549848943,597
598,Maintainability,2649,5.0,598
599,Maintaining Code,11,0.018882175226586105,599
600,Malware Analysis,3,0.0037764350453172203,600
601,Managed Code,1,0.0,601
602,Management Information Base,20,0.035876132930513595,602
603,Management Information Systems,10,0.016993957703927493,603
604,MariaDB,1,0.0,604
605,Markup Languages,1,0.0,605
606,Master Data Management,34,0.06231117824773414,606
607,Materialized View,8,0.013217522658610273,607
608,Metadata Repository,6,0.009441087613293053,608
609,Micro Focus,9,0.015105740181268881,609
610,Microservices,20,0.035876132930513595,610
611,Microsites,1,0.0,611
612,Microsoft Antivirus,7,0.011329305135951663,612
613,Microsoft App-V,3,0.0037764350453172203,613
614,Microsoft Azure,5,0.007552870090634441,614
615,Microsoft Cluster Server,2,0.0018882175226586102,615
616,Microsoft Exchange Servers,2,0.0018882175226586102,616
617,Microsoft Message Queuing,1,0.0,617
618,Microsoft Network Monitor,12,0.020770392749244714,618
619,Microsoft Operating Systems,1,0.0,619
620,Microsoft Operations Framework,4,0.005664652567975831,620
621,Microsoft Operations Manager,113,0.21148036253776437,621
622,Microsoft SQL Servers,62,0.11518126888217523,622
623,Microsoft Security Essentials,2,0.0018882175226586102,623
624,Microsoft Servers,3,0.0037764350453172203,624
625,Microsoft SharePoint,1,0.0,625
626,Microsoft Sharepoint Designer,3,0.0037764350453172203,626
627,Microsoft Site Servers,1,0.0,627
628,Microsoft Software,39,0.07175226586102719,628
629,Microsoft Solutions Framework,1,0.0,629
630,Microsoft Transaction Servers,1,0.0,630
631,Microsoft Windows,24,0.043429003021148035,631
632,Microsoft Windows XP,2,0.0018882175226586102,632
633,Migration Manager,1,0.0,633
634,Mobile Application Development,16,0.028323262839879154,634
635,Mobile Application Software,21,0.03776435045317221,635
636,Mobile Application Testing,71,0.1321752265861027,636
637,Mobile Device Management,1,0.0,637
638,Mobile Network Operator,12,0.020770392749244714,638
639,Mobile Phones,12,0.020770392749244714,639
640,Model View Controller,1,0.0,640
641,Model-Driven Development,6,0.009441087613293053,641
642,Modems,5,0.007552870090634441,642
643,Modularity,5,0.007552870090634441,643
644,MongoDB,17,0.030211480362537763,644
645,Monoliths,4,0.005664652567975831,645
646,Multi-Agent Systems,4,0.005664652567975831,646
647,Multicast Routing Protocols,1,0.0,647
648,Multithreading,1,0.0,648
649,Mvc.net,1,0.0,649
650,MySQL,36,0.06608761329305135,650
651,Nagios,1,0.0,651
652,Natural Programming,13,0.022658610271903325,652
653,Near Field Communication,4,0.005664652567975831,653
654,Nessus,6,0.009441087613293053,654
655,NetApp Data Storage,8,0.013217522658610273,655
656,Network Access Control,1,0.0,656
657,Network Access Servers,35,0.06419939577039276,657
658,Network Adapters,8,0.013217522658610273,658
659,Network Address Translation,3,0.0037764350453172203,659
660,Network Administration,8,0.013217522658610273,660
661,Network Analysis,2,0.0018882175226586102,661
662,Network Analysis Module,3,0.0037764350453172203,662
663,Network Architecture,18,0.03209969788519638,663
664,Network Attached Storage (Server Appliance),3,0.0037764350453172203,664
665,Network Communications,29,0.05287009063444109,665
666,Network Configuration And Change Management,6,0.009441087613293053,666
667,Network Control,2,0.0018882175226586102,667
668,Network Diagrams,4,0.005664652567975831,668
669,Network Element,4,0.005664652567975831,669
670,Network Engineering,34,0.06231117824773414,670
671,Network File Systems,17,0.030211480362537763,671
672,Network Functions Virtualization,5,0.007552870090634441,672
673,Network Information Services,20,0.035876132930513595,673
674,Network Information Systems,8,0.013217522658610273,674
675,Network Infrastructure,74,0.13783987915407855,675
676,Network Interface Device,55,0.10196374622356495,676
677,Network Layer,2,0.0018882175226586102,677
678,Network Load Balancing,1,0.0,678
679,Network Management,35,0.06419939577039276,679
680,Network Management System,146,0.2737915407854985,680
681,Network Monitoring,12,0.020770392749244714,681
682,Network Operating System (NOS),1,0.0,682
683,Network Programming,14,0.024546827794561934,683
684,Network Protocols,20,0.035876132930513595,684
685,Network Resource Management,1,0.0,685
686,Network Security,116,0.2171450151057402,686
687,Network Security Administrator,13,0.022658610271903325,687
688,Network Security Design,35,0.06419939577039276,688
689,Network Security Services,83,0.15483383685800603,689
690,Network Segmentation,6,0.009441087613293053,690
691,Network Service,7,0.011329305135951663,691
692,Network Simulation,1,0.0,692
693,Network Storage,24,0.043429003021148035,693
694,Network Switches,12,0.020770392749244714,694
695,Network Theory,4,0.005664652567975831,695
696,Network Time Protocols,12,0.020770392749244714,696
697,Network Topology,1,0.0,697
698,Network Traffic Analysis,6,0.009441087613293053,698
699,Network Troubleshooting,30,0.0547583081570997,699
700,Networking Basics,14,0.024546827794561934,700
701,Networking Cables,13,0.022658610271903325,701
702,Networking Hardware,20,0.035876132930513595,702
703,New Relic (SaaS),4,0.005664652567975831,703
704,NoSQL,9,0.015105740181268881,704
705,Node.js,8,0.013217522658610273,705
706,Object Access Methods,3,0.0037764350453172203,706
707,Object Storage,2,0.0018882175226586102,707
708,Object-Oriented Design,9,0.015105740181268881,708
709,Object-Oriented Programming (OOP),5,0.007552870090634441,709
710,Objective-C (Programming Language),22,0.03965256797583082,710
711,Octave,3,0.0037764350453172203,711
712,Office 365 Admin Center,6,0.009441087613293053,712
713,Offsite Data Protection,84,0.15672205438066467,713
714,Omnis Studio,33,0.060422960725075525,714
715,Online Communication,12,0.020770392749244714,715
716,Open Shortest Path First (OSPF),8,0.013217522658610273,716
717,Open Systems Architecture,4,0.005664652567975831,717
718,Open-Source Software,36,0.06608761329305135,718
719,OpenShift,2,0.0018882175226586102,719
720,Operability,26,0.04720543806646525,720
721,Operating System Development,87,0.1623867069486405,721
722,Operating Systems,251,0.4720543806646526,722
723,Operational Databases,2,0.0018882175226586102,723
724,Operations Administration Maintenance And Provisioning (OAMP),8,0.013217522658610273,724
725,Optimal Design,11,0.018882175226586105,725
726,Oracle Access Manager,28,0.050981873111782476,726
727,Oracle Application Server,2,0.0018882175226586102,727
728,Oracle Autonomous Database,6,0.009441087613293053,728
729,Oracle Cloud,14,0.024546827794561934,729
730,Oracle Data Guard,2,0.0018882175226586102,730
731,Oracle Databases,24,0.043429003021148035,731
732,Oracle Developer Suite,21,0.03776435045317221,732
733,Oracle Enterprise Manager,2,0.0018882175226586102,733
734,Oracle Exadata,2,0.0018882175226586102,734
735,Oracle Forms,1,0.0,735
736,Oracle Fusion Middleware,2,0.0018882175226586102,736
737,Oracle Linux,1,0.0,737
738,Oracle Rac,2,0.0018882175226586102,738
739,Oracle SQL Developer,17,0.030211480362537763,739
740,Oracle Service Bus,4,0.005664652567975831,740
741,Oracle WebLogic Server,1,0.0,741
742,OutSystems,12,0.020770392749244714,742
743,PC Performance Tuning,6,0.009441087613293053,743
744,PHP (Scripting Language),71,0.1321752265861027,744
745,PHP Development,5,0.007552870090634441,745
746,PL/SQL,14,0.024546827794561934,746
747,Package Development Process,32,0.05853474320241692,747
748,Pair Programming,1,0.0,748
749,Palo Alto Firewalls,48,0.0887462235649547,749
750,Parallel Computing,2,0.0018882175226586102,750
751,Password Management,5,0.007552870090634441,751
752,Patch Management,13,0.022658610271903325,752
753,Penetration Testing,37,0.06797583081570997,753
754,Pentaho Data Integration,55,0.10196374622356495,754
755,Peoplesoft Application Designer,2,0.0018882175226586102,755
756,Peoplesoft People Tools,17,0.030211480362537763,756
757,Performance Engineering,3,0.0037764350453172203,757
758,Performance Profiling,1,0.0,758
759,Performance Systems Analysis,12,0.020770392749244714,759
760,Performance Tuning,8,0.013217522658610273,760
761,Peripheral Component Interconnect (PCI),26,0.04720543806646525,761
762,Peripheral Devices,6,0.009441087613293053,762
763,Perl (Programming Language),9,0.015105740181268881,763
764,Personal Area Networks,4,0.005664652567975831,764
765,Personal Computers,29,0.05287009063444109,765
766,Personal Digital Assistant,6,0.009441087613293053,766
767,Phishing,18,0.03209969788519638,767
768,Plotters,13,0.022658610271903325,768
769,Pluggable Authentication Module (PAM),30,0.0547583081570997,769
770,Port Aggregation Protocols,6,0.009441087613293053,770
771,PostgreSQL,11,0.018882175226586105,771
772,Preboot Execution Environment,4,0.005664652567975831,772
773,Predix,9,0.015105740181268881,773
774,Print Servers,1,0.0,774
775,Prism,26,0.04720543806646525,775
776,Privacy Impact Assessments,9,0.015105740181268881,776
777,Private Cloud,13,0.022658610271903325,777
778,Private Networks,2,0.0018882175226586102,778
779,Problem Management,42,0.07741691842900301,779
780,Procedural Programming,15,0.026435045317220546,780
781,Process Driven Development,29,0.05287009063444109,781
782,Process Integration,4,0.005664652567975831,782
783,Process Migration,4,0.005664652567975831,783
784,Product Configuration,3,0.0037764350453172203,784
785,Product Family Engineering,4,0.005664652567975831,785
786,Production Systems Engineering,2,0.0018882175226586102,786
787,Profiling (Computer Programming),7,0.011329305135951663,787
788,Program Database,2,0.0018882175226586102,788
789,Program Lifecycle Phase,4,0.005664652567975831,789
790,Programming Environments,3,0.0037764350453172203,790
791,Programming Tools,2,0.0018882175226586102,791
792,Prometheus (Software),6,0.009441087613293053,792
793,Provider Model,12,0.020770392749244714,793
794,Proxy Servers,6,0.009441087613293053,794
795,PuTTY (Application),5,0.007552870090634441,795
796,Public Cloud,8,0.013217522658610273,796
797,Public Key Certificates,2,0.0018882175226586102,797
798,Public Key Infrastructure,11,0.018882175226586105,798
799,Puppet (Configuration Management Tool),2,0.0018882175226586102,799
800,PyTorch (Machine Learning Library),2,0.0018882175226586102,800
801,Python (Programming Language),52,0.09629909365558911,801
802,QWERTY,3,0.0037764350453172203,802
803,Query Tuning,6,0.009441087613293053,803
804,R (Programming Language),283,0.5324773413897281,804
805,RAID,1,0.0,805
806,RESTful API,12,0.020770392749244714,806
807,RSA (Cryptosystem),28,0.050981873111782476,807
808,RTP Control Protocol,3,0.0037764350453172203,808
809,RabbitMQ,2,0.0018882175226586102,809
810,Radio Access Networks,4,0.005664652567975831,810
811,Radio Base Station,1,0.0,811
812,Rapid Application Development,20,0.035876132930513595,812
813,React Native,7,0.011329305135951663,813
814,React Redux,1,0.0,814
815,React.js,30,0.0547583081570997,815
816,Real-Time Computing,62,0.11518126888217523,816
817,Recommender Systems,22,0.03965256797583082,817
818,Recovery Manager (RMAN),2,0.0018882175226586102,818
819,Red Hat Linux,7,0.011329305135951663,819
820,Redis,3,0.0037764350453172203,820
821,Reference Application,4,0.005664652567975831,821
822,Reference Design,4,0.005664652567975831,822
823,Regression Testing,12,0.020770392749244714,823
824,Relational Databases,5,0.007552870090634441,824
825,Relational Model,3,0.0037764350453172203,825
826,Release Builds,1,0.0,826
827,Release Management,8,0.013217522658610273,827
828,Remote Access Systems,23,0.04154078549848943,828
829,Remote Administration Software,2,0.0018882175226586102,829
830,Remote Application Platform,37,0.06797583081570997,830
831,Remote Authentication Dial In User Service (RADIUS),4,0.005664652567975831,831
832,Remote Backup Services,2,0.0018882175226586102,832
833,Remote Computing,1,0.0,833
834,Remote Desktop Services,13,0.022658610271903325,834
835,Remote Desktop Software,6,0.009441087613293053,835
836,Remote Infrastructure Management,5,0.007552870090634441,836
837,Remote Installation,2,0.0018882175226586102,837
838,Remote Monitoring,3,0.0037764350453172203,838
839,Remote Server Management,25,0.04531722054380665,839
840,Remote Service Software,11,0.018882175226586105,840
841,Remote Troubleshooting,6,0.009441087613293053,841
842,Report Generators,11,0.018882175226586105,842
843,Requirements Analysis,38,0.06986404833836858,843
844,Resource Monitor,3,0.0037764350453172203,844
845,Responsive Web Design,4,0.005664652567975831,845
846,Reverse Proxy,2,0.0018882175226586102,846
847,Rexx (Programming Language),4,0.005664652567975831,847
848,Rich Internet Application,23,0.04154078549848943,848
849,Risk-Based Testing,6,0.009441087613293053,849
850,Robotic Process Automation,1,0.0,850
851,Role-Based Access Control (RBAC),2,0.0018882175226586102,851
852,Routing Protocols,2,0.0018882175226586102,852
853,Ruby (Programming Language),8,0.013217522658610273,853
854,Ruby On Rails,2,0.0018882175226586102,854
855,Rust (Programming Language),2,0.0018882175226586102,855
856,SAP Configuration,10,0.016993957703927493,856
857,SAP HANA,9,0.015105740181268881,857
858,SAP Implementation,4,0.005664652567975831,858
859,SAP NetWeaver Portals,3,0.0037764350453172203,859
860,SAP Security,3,0.0037764350453172203,860
861,SAP Solution Manager,16,0.028323262839879154,861
862,SAP Technology Consulting,13,0.022658610271903325,862
863,SAS/Base,3,0.0037764350453172203,863
864,SMTP (Simple Mail Transfer Protocol),5,0.007552870090634441,864
865,SQL (Programming Language),90,0.16805135951661632,865
866,SQL And Java (SQLJ),7,0.011329305135951663,866
867,SQL Server Agent,2,0.0018882175226586102,867
868,SQL Server Express,13,0.022658610271903325,868
869,SQL Server Integration Services (SSIS),4,0.005664652567975831,869
870,SQL Server Management Studio,5,0.007552870090634441,870
871,SQL Tuning,2,0.0018882175226586102,871
872,SQLite,1,0.0,872
873,Sap Business Connector,1,0.0,873
874,Scalability,65,0.12084592145015105,874
875,Scaled Agile Framework,5,0.007552870090634441,875
876,Scenario Testing,3,0.0037764350453172203,876
877,Scheme (Programming Language),100,0.18693353474320243,877
878,Scikit-learn (Machine Learning Library),2,0.0018882175226586102,878
879,Script Task,2,0.0018882175226586102,879
880,Scripting,65,0.12084592145015105,880
881,Scrum (Software Development),9,0.015105740181268881,881
882,Search Engine Results Page,2,0.0018882175226586102,882
883,Secure Coding,1,0.0,883
884,Secure Operating Systems,17,0.030211480362537763,884
885,Secure Programming,49,0.0906344410876133,885
886,Security Accounts Manager,217,0.4078549848942598,886
887,Security Administration,19,0.033987915407854986,887
888,Security Domain,20,0.035876132930513595,888
889,Security Engineering,26,0.04720543806646525,889
890,Security Information And Event Management (SIEM),111,0.20770392749244715,890
891,Security Requirements Analysis,79,0.1472809667673716,891
892,Security Software,12,0.020770392749244714,892
893,Security Testing,11,0.018882175226586105,893
894,Self Service Technologies,72,0.1340634441087613,894
895,Server Administration,11,0.018882175226586105,895
896,Server Configuration,8,0.013217522658610273,896
897,Server Farms,4,0.005664652567975831,897
898,Server Message Block,1,0.0,898
899,Server Response,2,0.0018882175226586102,899
900,Server Virtualization,1,0.0,900
901,Server-Side,2,0.0018882175226586102,901
902,Service Access Point,6,0.009441087613293053,902
903,Service Accounts,24,0.043429003021148035,903
904,Service Assurance,3,0.0037764350453172203,904
905,Service Component Architecture,6,0.009441087613293053,905
906,Service Control Management,3,0.0037764350453172203,906
907,Service Delivery Framework,32,0.05853474320241692,907
908,Service Provisioning,6,0.009441087613293053,908
909,Service Request Management,10,0.016993957703927493,909
910,Service-Oriented Architecture,1,0.0,910
911,ServiceNow,15,0.026435045317220546,911
912,Session (Computer Science),145,0.2719033232628399,912
913,SharePoint Development,10,0.016993957703927493,913
914,SharePoint Portal Server,1,0.0,914
915,Shell Script,8,0.013217522658610273,915
916,Siebel EIM,8,0.013217522658610273,916
917,Simple Object Access Protocol (SOAP),4,0.005664652567975831,917
918,Single Page Application,41,0.07552870090634442,918
919,Single Sign-On (SSO),1,0.0,919
920,Site Maps,1,0.0,920
921,Site Reliability Engineering,5,0.007552870090634441,921
922,Sitemaps (XML),6,0.009441087613293053,922
923,Size Classes,3,0.0037764350453172203,923
924,Smart Cards,2,0.0018882175226586102,924
925,Smart Device,3,0.0037764350453172203,925
926,Smart Systems,1,0.0,926
927,Smart Tv,8,0.013217522658610273,927
928,Snort (Intrusion Detection System),1,0.0,928
929,Social Engineering,4,0.005664652567975831,929
930,Software Architecture,6,0.009441087613293053,930
931,Software Asset Management,3,0.0037764350453172203,931
932,Software Coding,2,0.0018882175226586102,932
933,Software Configuration Management,8,0.013217522658610273,933
934,Software Defined Networking (SDN),42,0.07741691842900301,934
935,Software Design,8,0.013217522658610273,935
936,Software Design Documents,36,0.06608761329305135,936
937,Software Design Patterns,38,0.06986404833836858,937
938,Software Development,203,0.3814199395770393,938
939,Software Development Life Cycle,25,0.04531722054380665,939
940,Software Development Methodologies,4,0.005664652567975831,940
941,Software Documentation,4,0.005664652567975831,941
942,Software Engineering,99,0.1850453172205438,942
943,Software Engineering Process,4,0.005664652567975831,943
944,Software Installation,39,0.07175226586102719,944
945,Software Licensing Audit,2,0.0018882175226586102,945
946,Software Maintenance,27,0.04909365558912387,946
947,Software Performance Testing,43,0.07930513595166164,947
948,Software Protection,4,0.005664652567975831,948
949,Software Quality (SQA/SQC),1,0.0,949
950,Software Quality Management,1,0.0,950
951,Software Requirements Analysis,16,0.028323262839879154,951
952,Software Requirements Specification,5,0.007552870090634441,952
953,Software Security,14,0.024546827794561934,953
954,Software Suite,7,0.011329305135951663,954
955,Software Systems,74,0.13783987915407855,955
956,Software Technical Review,21,0.03776435045317221,956
957,Software Testing,18,0.03209969788519638,957
958,Software Validation,2,0.0018882175226586102,958
959,Solid Principles,4,0.005664652567975831,959
960,Solution Deployment Descriptor,12,0.020770392749244714,960
961,Solution Design,65,0.12084592145015105,961
962,Sonicwall,9,0.015105740181268881,962
963,Source Codes,11,0.018882175226586105,963
964,Spatial Analysis,4,0.005664652567975831,964
965,Spatial Databases,4,0.005664652567975831,965
966,Spring Boot,7,0.011329305135951663,966
967,Standard Operating Environments,16,0.028323262839879154,967
968,Storage Area Network (SAN),43,0.07930513595166164,968
969,Storage Devices,3,0.0037764350453172203,969
970,Storage Management,2,0.0018882175226586102,970
971,Storage Systems,7,0.011329305135951663,971
972,Storage Virtualization,8,0.013217522658610273,972
973,Stored Functions,4,0.005664652567975831,973
974,Stored Procedure,8,0.013217522658610273,974
975,Structured Programming,18,0.03209969788519638,975
976,Supervised Learning,2,0.0018882175226586102,976
977,Support Engineering,30,0.0547583081570997,977
978,Support Vector Machine,8,0.013217522658610273,978
979,Swift (Programming Language),7,0.011329305135951663,979
980,Switched Communication Networks,6,0.009441087613293053,980
981,Symantec Endpoint Protection,5,0.007552870090634441,981
982,Syslog,2,0.0018882175226586102,982
983,System Administration,49,0.0906344410876133,983
984,System Configuration,30,0.0547583081570997,984
985,System Deployment,3,0.0037764350453172203,985
986,System Generator,5,0.007552870090634441,986
987,System Integration Testing,22,0.03965256797583082,987
988,System Integrity,12,0.020770392749244714,988
989,System Modification Program/Extended (SMP/E),4,0.005664652567975831,989
990,System Monitoring,60,0.111404833836858,990
991,System Preferences,10,0.016993957703927493,991
992,System Procedures,28,0.050981873111782476,992
993,System Programming,45,0.08308157099697885,993
994,System Programming Language,2,0.0018882175226586102,994
995,System Recovery,1,0.0,995
996,System Requirements,68,0.1265105740181269,996
997,System Requirements Specification,21,0.03776435045317221,997
998,System Software,55,0.10196374622356495,998
999,System Status,4,0.005664652567975831,999
1000,System Support,57,0.10574018126888218,1000
1001,System Testing,56,0.10385196374622357,1001
1002,Systems Analysis,28,0.050981873111782476,1002
1003,Systems Architecture,29,0.05287009063444109,1003
1004,Systems Design,53,0.09818731117824774,1004
1005,Systems Development,87,0.1623867069486405,1005
1006,Systems Engineering,44,0.08119335347432025,1006
1007,Systems Integration,60,0.111404833836858,1007
1008,Systems Modeling,3,0.0037764350453172203,1008
1009,TCP/IP,11,0.018882175226586105,1009
1010,TIBCO Hawk,18,0.03209969788519638,1010
1011,Tablets,26,0.04720543806646525,1011
1012,Talend,1,0.0,1012
1013,Target Platform,2,0.0018882175226586102,1013
1014,Task Parallel Library (.NET Framework),2,0.0018882175226586102,1014
1015,Taxonomy,2,0.0018882175226586102,1015
1016,Tcpdump,1,0.0,1016
1017,Team Foundation Server,4,0.005664652567975831,1017
1018,TeamViewer,1,0.0,1018
1019,Technical Analysis,8,0.013217522658610273,1019
1020,Technical Analysis Software,4,0.005664652567975831,1020
1021,Technical Assistance,86,0.16049848942598188,1021
1022,Technical Control Facility,2,0.0018882175226586102,1022
1023,Technical Management,38,0.06986404833836858,1023
1024,Technical Services,49,0.0906344410876133,1024
1025,Technical Solution Design,207,0.3889728096676737,1025
1026,Technical Support,323,0.6080060422960725,1026
1027,Technology Alignment,7,0.011329305135951663,1027
1028,Technology Assessment,14,0.024546827794561934,1028
1029,Technology Integration,13,0.022658610271903325,1029
1030,Technology Readiness Level,3,0.0037764350453172203,1030
1031,Technology Strategies,26,0.04720543806646525,1031
1032,TeleCommunications Relay Services,3,0.0037764350453172203,1032
1033,Telecommunications,37,0.06797583081570997,1033
1034,Telecommunications Networks,4,0.005664652567975831,1034
1035,Telephone Numbering Plans,6,0.009441087613293053,1035
1036,Telephony,22,0.03965256797583082,1036
1037,Telnet,2,0.0018882175226586102,1037
1038,TensorFlow,5,0.007552870090634441,1038
1039,Terminal Server,2,0.0018882175226586102,1039
1040,Terraform,6,0.009441087613293053,1040
1041,Test Automation,5,0.007552870090634441,1041
1042,Test Automation Management Tools,2,0.0018882175226586102,1042
1043,Test Case,10,0.016993957703927493,1043
1044,Test Data,1,0.0,1044
1045,Test Data Generation,8,0.013217522658610273,1045
1046,Test Environment Management,36,0.06608761329305135,1046
1047,Test Execution Engine,10,0.016993957703927493,1047
1048,Test Management Tools,18,0.03209969788519638,1048
1049,Test Planning,52,0.09629909365558911,1049
1050,Test Script,7,0.011329305135951663,1050
1051,Test-Driven Development (TDD),17,0.030211480362537763,1051
1052,Testability,5,0.007552870090634441,1052
1053,Text Files,3,0.0037764350453172203,1053
1054,Theano (Software),3,0.0037764350453172203,1054
1055,Threat Detection,3,0.0037764350453172203,1055
1056,Threat Management,1,0.0,1056
1057,Time To Live,41,0.07552870090634442,1057
1058,Togaf,2,0.0018882175226586102,1058
1059,Token Ring,1,0.0,1059
1060,Tokenization,11,0.018882175226586105,1060
1061,Topology,4,0.005664652567975831,1061
1062,Transaction Data,2,0.0018882175226586102,1062
1063,Transaction Processing (Computing),4,0.005664652567975831,1063
1064,Transmission Control Protocol (TCP),3,0.0037764350453172203,1064
1065,Transport Networks,3,0.0037764350453172203,1065
1066,Trunking,1,0.0,1066
1067,Trusted Platform Module,2,0.0018882175226586102,1067
1068,TypeScript,1,0.0,1068
1069,Typing,4,0.005664652567975831,1069
1070,UML Tool,6,0.009441087613293053,1070
1071,UiPath (RPA Software),1,0.0,1071
1072,Unit Testing,31,0.05664652567975831,1072
1073,Universal Windows Platform,11,0.018882175226586105,1073
1074,Unix,30,0.0547583081570997,1074
1075,Unix System Services,21,0.03776435045317221,1075
1076,Unsupervised Learning,4,0.005664652567975831,1076
1077,User Accounts,21,0.03776435045317221,1077
1078,User Assistance,29,0.05287009063444109,1078
1079,User Controls,1,0.0,1079
1080,User Defined Functions,6,0.009441087613293053,1080
1081,User Guide,9,0.015105740181268881,1081
1082,User Information,9,0.015105740181268881,1082
1083,User Interface Testing,24,0.043429003021148035,1083
1084,User Preferences,1,0.0,1084
1085,User Requirements Documents,62,0.11518126888217523,1085
1086,User Roles,2,0.0018882175226586102,1086
1087,User Settings,8,0.013217522658610273,1087
1088,Utility Computing,2,0.0018882175226586102,1088
1089,Utility Software,9,0.015105740181268881,1089
1090,VCloud,1,0.0,1090
1091,VM (Operating System),10,0.016993957703927493,1091
1092,VMware ESX Servers,3,0.0037764350453172203,1092
1093,VMware VSphere,2,0.0018882175226586102,1093
1094,VMware Virtualization,1,0.0,1094
1095,VPN Clients,7,0.011329305135951663,1095
1096,Vbulletin,2,0.0018882175226586102,1096
1097,Vcenter,1,0.0,1097
1098,Veeam,1,0.0,1098
1099,Version Control,9,0.015105740181268881,1099
1100,Version Control Software,1,0.0,1100
1101,Very Large Databases (VLDB),2,0.0018882175226586102,1101
1102,Viable System Model,1,0.0,1102
1103,Video Conferencing Facilities,6,0.009441087613293053,1103
1104,Video Game Console,1,0.0,1104
1105,Virtual Environment,10,0.016993957703927493,1105
1106,Virtual Local Area Network (VLAN),4,0.005664652567975831,1106
1107,Virtual Network Computing,1,0.0,1107
1108,Virtual Private Networks (VPN),30,0.0547583081570997,1108
1109,Virtual Private Servers,5,0.007552870090634441,1109
1110,Virtual Reality,8,0.013217522658610273,1110
1111,Virtualization,75,0.13972809667673716,1111
1112,Visual Basic (Programming Language),8,0.013217522658610273,1112
1113,Visual Basic .NET (Programming Language),2,0.0018882175226586102,1113
1114,Visual Studio Online,8,0.013217522658610273,1114
1115,Volume License Key,4,0.005664652567975831,1115
1116,Vue.js,1,0.0,1116
1117,Vulnerability,119,0.222809667673716,1117
1118,Vulnerability Assessments,29,0.05287009063444109,1118
1119,Vulnerability Management,18,0.03209969788519638,1119
1120,Vulnerability Scanning,5,0.007552870090634441,1120
1121,VxLAN (Virtual Extensible LAN),78,0.145392749244713,1121
1122,Wearables,6,0.009441087613293053,1122
1123,Web Access Management,23,0.04154078549848943,1123
1124,Web Application Development,15,0.026435045317220546,1124
1125,Web Application Frameworks,1,0.0,1125
1126,Web Application Security,3,0.0037764350453172203,1126
1127,Web Applications,71,0.1321752265861027,1127
1128,Web Authoring,1,0.0,1128
1129,Web Design,71,0.1321752265861027,1129
1130,Web Design Programs,3,0.0037764350453172203,1130
1131,Web Development,34,0.06231117824773414,1131
1132,Web Development Tools,34,0.06231117824773414,1132
1133,Web Filtering,1,0.0,1133
1134,Web Map Service,1,0.0,1134
1135,Web Pages,18,0.03209969788519638,1135
1136,Web Parts,4,0.005664652567975831,1136
1137,Web Platforms,3,0.0037764350453172203,1137
1138,Web Portals,3,0.0037764350453172203,1138
1139,Web Project,1,0.0,1139
1140,Web Search Query,4,0.005664652567975831,1140
1141,Web Servers,3,0.0037764350453172203,1141
1142,Web Service Protocols,2,0.0018882175226586102,1142
1143,Web Services,30,0.0547583081570997,1143
1144,Web Services Concepts,3,0.0037764350453172203,1144
1145,Web Template Systems,5,0.007552870090634441,1145
1146,Web Tools,3,0.0037764350453172203,1146
1147,Webforms,1,0.0,1147
1148,Website Deployment,2,0.0018882175226586102,1148
1149,Website Localization,1,0.0,1149
1150,Website Monitoring,2,0.0018882175226586102,1150
1151,WiMAX,1,0.0,1151
1152,Wide Area Networks,14,0.024546827794561934,1152
1153,Widget Toolkit,1,0.0,1153
1154,Windowing Systems,4,0.005664652567975831,1154
1155,Windows Automated Installation Kit,1,0.0,1155
1156,Windows Communication Foundation,6,0.009441087613293053,1156
1157,Windows Desktop,3,0.0037764350453172203,1157
1158,Windows Driver Kit,1,0.0,1158
1159,Windows Installer,2,0.0018882175226586102,1159
1160,Windows Management Instrumentation,1,0.0,1160
1161,Windows PowerShell,5,0.007552870090634441,1161
1162,Windows Preinstallation Environments,3,0.0037764350453172203,1162
1163,Windows Security,8,0.013217522658610273,1163
1164,Windows Server Virtualization,3,0.0037764350453172203,1164
1165,Windows Servers,39,0.07175226586102719,1165
1166,Windows Service,2,0.0018882175226586102,1166
1167,Windows Software,5,0.007552870090634441,1167
1168,Windows Software Development,2,0.0018882175226586102,1168
1169,Windows Support,1,0.0,1169
1170,Windows Workflow Foundation,1,0.0,1170
1171,Wireless Access Point,4,0.005664652567975831,1171
1172,Wireless Communications,8,0.013217522658610273,1172
1173,Wireless Distribution Systems,4,0.005664652567975831,1173
1174,Wireless LAN Controllers,1,0.0,1174
1175,Wireless Mesh Networks,2,0.0018882175226586102,1175
1176,Wireless Networks,7,0.011329305135951663,1176
1177,Wireless Paging Systems,12,0.020770392749244714,1177
1178,Wireshark,2,0.0018882175226586102,1178
1179,Wix,1,0.0,1179
1180,WordPress,8,0.013217522658610273,1180
1181,XPages,1,0.0,1181
1182,Xgboost,2,0.0018882175226586102,1182
1183,YAML,1,0.0,1183
1184,Zabbix,2,0.0018882175226586102,1184
1185,Zebra Printers,2,0.0018882175226586102,1185
1186,Zoom Rooms,32,0.05853474320241692,1186
